production_id	level	changed	split	sentence_text_from	sentence_text_to
2	ORI->STR	S	N	Se a idéia for aprovada, os estudantes receberão dois conjuntos anuais, completados por calçado, meias, calça e camiseta.	Se a idéia for aprovada, os alunos receberão dois conjuntos anuais, completados com calçado, meias, calça e camiseta.
2	ORI->STR	S	N	Na Federação das Associações de Municípios do RS (Famurs) e na Secretaria Estadual de Educação (Sec), a preocupação reside em outro ponto.	A preocupação da Federação das Associações de Municípios do RS (Famurs) e da Secretaria Estadual de Educação (Sec) é outra.
2	ORI->STR	S	N	Eles se inquietam com a fonte para custear os gastos milionários com a medida.	A preocupação é com o dinheiro para pagar os gastos de milhões de reais com os bonés.
2	ORI->STR	S	N	Não fosse o aspecto financeiro, o projeto teria o apoio incondicional de Balzano e do presidente da Famurs, Flávio Luiz Lammel.	Se não fosse o problema de dinheiro, o projeto teria o apoio total de Balzano e do presidente da Famurs.
2	ORI->STR	S	N	O foco principal da resistência vem dos próprios estudantes:	A principal resistência vem dos próprios alunos:
4	ORI->STR	S	N	Blitze, barreiras e operações em profusão foram insuficientes para conter um crescimento de 11,12% em relação a março de 2006.	Controles policiais, barreiras e operações em grande quantidade foram pouco para conter um crescimento de 11,12% no roubo quando comparado com março de 2006.
5	ORI->STR	S	N	Rigotto, lembra Moura, também provocou incertezas nos aliados ao assumir que buscaria a reeleição apenas no final de abril.	Moura lembra que Rigotto também provocou incertezas nos aliados quando assumiu que buscaria a reeleição apenas no final de abril.
5	ORI->STR	S	N	A regra obriga as legendas a fechar nos Estados apenas coligações que não colidam com as nacionais.	A verticalização obriga as legendas a fechar nos Estados apenas as uniões que não se choquem com as nacionais.
5	ORI->STR	S	N	Sabem que um movimento errado pode significar a morte -- diz o cientista político Murillo de Aragão.	Sabem que um movimento errado pode significar a morte -- diz o cientista político Murillo de Aragão.
6	ORI->STR	S	N	Os abusos com veículos particulares e a formação de servidores em alguns setores foram pontos cruciais de relatório sobre os gastos da Assembléia.	O uso impróprio de veículos particulares e a formação de servidores em alguns setores foram pontos importantes do relatório sobre os gastos da Assembléia.
6	ORI->STR	S	N	O relatório produzido pela comissão criada para revisar processos administrativos da Assembléia Legislativa destaca temas que devem provocar polêmica no parlamento.	O relatório da comissão criada com o objetivo de examinar os processos administrativos da Assembléia Legislativa destaca temas que devem provocar polêmica no parlamento.
6	ORI->STR	S	N	Um deles se refere ao fato de cada deputado ter três carros cadastrados para fins de indenização por uso de carro particular.	Um deles é o fato de cada deputado ter três carros registrados com o objetivo de receber de volta dinheiro por uso de carro particular.
6	ORI->STR	S	N	Outra questão destacada no relatório se refere à qualificação dos servidores.	Outro tema destacado no relatório é a preparação dos servidores.
6	ORI->STR	S	N	Em relação às diárias, por exemplo, quando o valor recebido com elas extrapola 50% do salário dos deputados, é preciso fazer o recolhimento de INSS.	Por exemplo, no caso das diárias, quando o valor recebido ultrapassa 50% do salário dos deputados, é preciso pagar o INSS.
6	ORI->STR	S	N	Os problemas que podem surgir em um cenário no qual funções são exercidas por pessoas sem capacidade também foram abordados pela comissão.	A comissão também tratou dos problemas que podem surgir quando as funções são exercidas por pessoas sem preparação.
6	ORI->STR	S	N	-- Ou a Assembléia errou ao avaliar que ele era capaz ou existem na Casa práticas que permitem que pessoas ocupem cargos sem capacidade para eles.	-- A Assembléia errou quando avaliou que ele era capaz ou na Assembléia existem práticas que permitem que pessoas ocupem cargos sem preparação para eles.
7	ORI->STR	S	N	A mudança progressiva pode influenciar indiretamente uma maior incidência de fenômenos como ondas de calor, tempestades e secas.	A mudança gradual pode causar indiretamente ondas de calor, tempestades e secas.
9	ORI->STR	S	N	Viagens de carro ficam mais agradáveis quando os ocupantes podem fazer algo mais do que apreciar a paisagem.	Quando os passageiros podem fazer algo mais do que apreciar a paisagem, as viagens de carro ficam mais agradáveis.
10	ORI->STR	S	N	O nevoeiro não se restringiu à Capital:	A neblina não ficou só na Capital:
10	ORI->STR	S	N	Cobriu cidades como Santa Maria, Santo Ângelo e Pelotas, segundo a Central de Meteorologia.	A Central de Meteorologia afirma que a neblina cobriu as cidades de Santa Maria, Santo Ângelo e Pelotas.
10	ORI->STR	S	N	Pelo menos até sexta-feira, os gaúchos deverão se deparar com a cerração ao acordar.	Os gaúchos deverão ver neblina ao acordar pelo menos até sexta-feira.
10	ORI->STR	S	N	Durante as tardes, alcançarão entre 22º C e 24º C.	As temperaturas chegarão até 22 C e 24 C durante as tardes.
12	ORI->STR	S	N	É a única que ainda corre risco.	É a única que ainda corre risco.
12	ORI->STR	S	N	Os três relatores dos pedidos votaram pela manutenção dos cargos para todos os que fizeram a mudança antes da resolução do TSE.	Os três relatores dos pedidos votaram com o objetivo de que todos os que mudaram de partido antes da resolução do TSE fiquem com seus mandatos.
12	ORI->STR	S	N	No total, 30 deputados que fizeram migração partidária antes dessa data não perdem os mandatos.	no total, 30 deputados que mudaram de partido antes dessa data não perdem os mandatos.
12	ORI->STR	S	N	Pela decisão do STF, nos casos de mudança de partido depois de 27 de março, as legendas terão de encaminhar à corte eleitoral um pedido de investigação para comprovar o ato de infidelidade.	A decisão do STF afirma que, nos casos de mudança de partido depois de 27 de março, os partidos terão de enviar ao TSE um pedido de investigação para comprovar a infidelidade.
12	ORI->STR	S	N	Dois ministros foram radicais pela fidelidade.	Dois ministros defenderam completamente a fidelidade.
12	ORI->STR	S	N	Já os ministros Eros Grau, Joaquim Barbosa e Ricardo Lewandowski tiveram parecer radicalmente contrários.	Os ministros Eros Grau, Joaquim Barbosa e Ricardo Lewandowski deram parecer completamente contrário.
12	ORI->STR	S	N	Para eles, não há previsão na Constituição de perda de mandato para mudanças de legenda.	Os ministros dizem que a Constituição não prevê perda de mandato para mudanças de partido.
13	ORI->STR	S	N	Mas esse não será o único a passar por análise antes que o clube decida erguer sua nova casa, após quase 53 anos no Olímpico.	Mas esse não será o único a passar por análise antes que o Grêmio decida construir seu novo estádio, após quase 53 anos no Olímpico.
14	ORI->STR	S	N	Quem estava torcendo para o Cristo Redentor se tornar uma das novas maravilhas do mundo tem hoje a última chance de dar uma forcinha para o candidato brasileiro.	As pessoas que estão torcendo para o Cristo Redentor se tornar uma das novas maravilhas do mundo têm hoje a última chance de votar nele.
17	ORI->STR	S	N	-- A importância dele é ter mantido viva a ópera, que estava moribunda -- diz Chaves.	Chave diz que a importância de Pavarotti é ter mantido a ópera viva.
17	ORI->STR	S	N	Outro companheiro de palco, José Carreras, o definiu como "uma das maiores vozes da história".	José carreras o definiu como "uma das maiores vozes da história".
17	ORI->STR	S	N	Com tanto reconhecimento e prestígio, Pavarotti teve um fim sereno.	Pavarotti teve um fim tranqüilo.
18	ORI->STR	S	N	Desde a invasão do país, em 2003, pouco mais de 3 mil já perderam a vida.	Um pouco mais de 3 mil soldados já morreram desde a invasão do Iraque em 2003.
19	ORI->STR	S	N	-- A cada três meses, ele (Mercúrio) passa entre a Terra e o Sol.	-- Mercúrio passa entre a Terra e o Sol a cada três meses.
19	ORI->STR	S	N	Quando isso ocorre, chama-se de conjunção inferior.	Isso se chama conjunção inferior.
19	ORI->STR	S	N	Apenas na costa oeste dos Estados Unidos e do Canadá e no extremo leste da Austrália a passagem poderá ser observada por toda a extensão do disco solar -- de cima para baixo.	Na costa oeste dos Estados Unidos e do Canadá e no extremo leste da Austrália, o fenômeno poderá ser observado em toda a extensão do disco solar, de cima para baixo.
20	ORI->STR	S	N	Não foi à toa que o Planalto reabriu o balcão de negociações.	Não foi à toa que o governo começou novamente a negociar com os senadores.
23	ORI->STR	S	N	A prefeitura espera a resolução de problemas burocráticos para que o material para a reconstrução do monumento histórico chegue da Europa.	A prefeitura espera a solução de problemas burocráticos para que o material para consertar a fonte chegue da Europa.
28	ORI->STR	S	N	-- E, como o Riquelme, é preciso ser muito rápido -- finaliza.	E é preciso ser muito rápido, como o Riquelme -- diz o sargento.
29	ORI->STR	S	N	-- Se vão brincar de ser alarmistas, podem começar a se divertir.	-- Se vão brincar de divulgar boatos assustadores, podem começar a se divertir.
30	ORI->STR	S	N	Colada à centenária parede do Mosteiro da Luz, a fila não é longa.	A fila que estava perto da parede do Mosteiro da Luz não era longa.
30	ORI->STR	S	N	A maioria delas inacreditável aos olhos da ciência.	A maioria delas é exagerada aos olhos da ciência.
30	ORI->STR	S	N	Recebeu seis pílulas.	Recebeu seis pílulas.
30	ORI->STR	S	N	Ela própria é uma devota de Frei Galvão:	Ela mesma é muito apegada a Frei Galvão:
31	ORI->STR	S	N	Cada participante foi acompanhado por três funcionários da equipe durante o desafio.	Três funcionários da equipe acompanharam cada participante durante do desafio.
33	ORI->STR	S	N	Para preparar o banquete, Breda contou com a ajuda de 120 confeiteiros mirins.	Cento e vinte confeiteiros mirins ajudaram Breda a preparar a refeição.
33	ORI->STR	S	N	É para que outras crianças repitam o discurso de Maximiliano que a Secretaria Municipal do Meio Ambiente (SMAM) promoveu a atividade.	A Secretaria Municipal do Meio Ambiente promoveu a atividade com o objetivo de ensinar outras crianças a repetirem o discurso de Maximiliano.
33	ORI->STR	S	N	Alimentos inapropriados jogados em jaulas provocam problemas gastrointestinais e adoecem os bichos.	Alimentos não apropriados provocam problemas digestivos e adoecem os bichos.
34	ORI->STR	S	N	No Estado, o La Niña cria um cenário diferente daquele que transtorna a rotina dos gaúchos nos últimos dias:	No Estado, La Niña cria um cenário diferente do cenário dos últimos dias.
34	ORI->STR	S	N	Ele reduz o volume de chuvas.	Ele reduz o volume de chuvas.
34	ORI->STR	S	N	Em outras regiões do globo, La Niña também fará suas estripulias.	La Niña também fará suas confusões em outras partes do globo.
36	ORI->STR	S	N	Talvez nem o golpe perfeito provocasse tanta emoção.	Um golpe perfeito não provocaria tanta emoção.
36	ORI->STR	S	N	Prefere se manifestar, com presteza, diante de uma pergunta -- principalmente se for sobre Down.	Ele prefere se manifestar no momento em que lhe fazem uma pergunta, principalmente se for sobre Down.
36	ORI->STR	S	N	Quando ouviu seu nome, não sabia se abraçava Derly ou se recebia a faixa.	No momento em que ouviu seu nome, ele não sabia se abraçava Derly ou se recebia a faixa.
37	ORI->STR	S	N	Afinal, a chance de enfrentar a reprovação de alguém é menor.	Com isso, a chance de enfrentar a censura de alguém é menor.
37	ORI->STR	S	N	E com eles amarrados a coleiras, do alto de uma duna a cerca de 50 metros do mar, tomava chimarrão às 19h de ontem.	Pandolfo tomava chimarrão às 19h de ontem, no alto de um monte de areia, com os dois poodles amarrados a coleiras.
39	ORI->STR	S	N	A dupla foi autuada por dano qualificado contra o patrimônio público.	A polícia acusou os amigos por dano qualificado contra o patrimônio público.
41	ORI->STR	S	N	Por trás da mortandade de jovens no trânsito -- como as seis vítimas registradas no estado ao longo do final de semana -- há um desafio para as campanhas de conscientização.	Por trás das muitas mortes de jovens no trânsito, há um desafio para as campanhas de conscientização.
42	ORI->STR	S	N	Palavra por palavra, tentavam chegar a uma linguagem apropriada para o documento.	Os representantes tentavam chegar a uma linguagem apropriada para o documento.
42	ORI->STR	S	N	Depois de um dia de intensas negociações nos bastidores e de muitos telefonemas entre as delegações e seus respectivos países, o clima dentro do plenário do centro de convenções, onde as delegações conversam, era tranqüilo, segundo um dos debatedores.	O plenário do centro de convenções é o lugar onde as equipes de representantes conversam.
43	ORI->STR	S	N	A principal iniciativa restringe o acesso da população aos debates parlamentares.	A principal iniciativa limita o acesso da população aos debates na Assembléia.
43	ORI->STR	S	N	Somente convidados de deputados, servidores da Assembléia, cadeirantes e representantes da imprensa poderão ficar acomodados nas 160 cadeiras existentes nas duas bancadas próximas à área privativa dos deputados.	Somente convidados de deputados, servidores da Assembléia, pessoas em cadeiras de rodas e representantes da imprensa poderão ficar nas duas bancadas próximas à área reservada aos deputados.
43	ORI->STR	S	N	Segundo o parlamentar, o incidente da invasão do plenário não pode servir como regra para estabelecer restrições.	Raul Pont diz que a invasão do plenário não pode servir de regra para estabelecer limitações.
43	ORI->STR	S	N	Se houver o consenso de que em uma ou outra sessão possa ocorrer um problema, teremos a sensibilidade de tratar individualmente -- destacou Pont.	Se concordarmos que em uma ou outra sessão pode ocorrer um problema, teremos a sensibilidade de tratar o caso separadamente -- destacou Pont.
44	ORI->STR	S	N	Há pouco mais de um ano, ele estava orbitando no espaço.	Há pouco mais de um ano, ele estava em órbita no espaço.
45	ORI->STR	S	N	Segundo Terra, cerca da metade teve o primeiro teste com resultado sugestivo à doença -- com indicação de uma substância reagente à dengue.	Terra diz que o primeiro teste de cerca de metade dessas pessoas apresentou resultado que sugere dengue.
45	ORI->STR	S	N	No Hospital São José, oito pacientes internados sentiam fortes dores de cabeça e tinham febre alta.	No Hospital São José, oito pacientes sentiam dores de cabeça fortes e tinham febre alta.
47	ORI->STR	S	N	Domodilo Pedro Scherer, natural de Cerro Largo, foi escolhido pelo papa Bento XVI como um dos 23 novos "príncipes da Igreja".	O papa Bento XVI escolheu dom Odilo.
47	ORI->STR	S	N	Gaúcho como seu antecessor dom Cláudio Hummes, dom Odilo foi indicado pelo Papa para ser arcebispo de São Paulo em março.	Em março, o papa indicou dom Odilo para ser arcebispo de São Paulo.
47	ORI->STR	S	N	Vai ter direito a voto (em um conclave).	Vai ter direito a voto em reunião para escolher papa.
48	ORI->STR	S	N	Nessa última safra, 2006/2007, os produtores seguraram mais o produto na expectativa de melhores preços.	Na safra 2006/2007, os produtores seguraram o produto na expectativa de melhores preços.
49	ORI->STR	S	N	O novo representante dos advogados na mais alta corte do Estado sairá entre os três nomes definidos na votação de hoje.	O novo representante dos advogados no Tribunal de Justiça será escolhido entre os três nomes definidos na votação de hoje.
50	ORI->STR	S	N	Assim, ele terá para sempre um lugar para brincar e sonhar -- projeta Cardoso.	O bosque será para sempre um lugar onde brincar e sonhar -- projeta Cardoso.
51	ORI->STR	S	N	Serão ao todo 110 bancas na Área Geral, 29 na Área Infantil e Juvenil e 15 na Área Internacional.	Ao todos, serão 110 bancas na Área Geral, 29 na Área Infantil e Juvenil e 15 na Área Internacional.
53	ORI->STR	S	N	Tinha cerca de um metro e meio de altura a pedra que levou o presidente Luiz Inácio Lula da Silva ontem a um terreno terraplenado às margens da Br-285, em Passo Fundo.	A pedra que levou o presidente Luiz Inácio Lula da Silva ontem a um terreno aplanado às margens da Br-285 em Passo Fundo tinha cerca de um metro e meio de altura.
53	ORI->STR	S	N	Desde o início do ano, o petista já lançou cinco inícios de obras entre Rio, São Paulo, Alagoas, Pernambuco e Rio Grande do Sul.	Desde o início do ano, o presidente já lançou cinco inícios de obras no Rio, em São Paulo, Alagoas, Pernambuco e Rio Grande do Sul.
53	ORI->STR	S	N	Ontem, em Passo Fundo, só havia terra vermelha e tendas para receber a comitiva presidencial.	Ontem, em Passo Fundo, só havia terra vermelha e barracas de lona para receber o grupo do presidente.
53	ORI->STR	S	N	Para tornar a visita mais atraente para fotógrafos e cinegrafistas, Lula e o governador Germano Rigotto, usando capacetes, foram convidados a colocar pás de concreto da primeira fundação da indústria.	Com o objetivo de tornar a visita mais agradável para fotógrafos e cinegrafistas, Lula e o governador Germano Rigotto foram convidados a colocar pás de concreto na primeira base da indústria.
53	ORI->STR	S	N	O presidente foi recebido por uma platéia arregimentada por PT, PC do B e PSB, partidos da base do governo.	Uma platéia reunida pelos partidos da base do governo, PT, PC do B e PSB, recebeu o presidente.
55	ORI->STR	S	N	Ao lado dos que ficam, carros militares e policiais.	Os carros militares e policiais ficam.
55	ORI->STR	S	N	Seis funcionários israelenses morreram quando o local foi atingido.	Seis funcionários israelenses morreram no momento em que o foguete atingiu o local.
55	ORI->STR	S	N	De repente, os faróis do carro iluminam o que sobrou de um prédio residencial de três andares.	De repente, os faróis do carro iluminam as sobras de um prédio de apartamentos de três andares.
57	ORI->STR	S	N	-- Nessa hora tem que ser herói, tem que ser herói -- repetia, cortando a rédea e tentando incentivar os demais.	-- nessa hora, tem que ser herói -- repetia, cortando a rédea e tentando incentivar os demais.
58	ORI->STR	S	N	Assim, eles têm mais tempo para brincar com seus presentes.	Com isso, elas têm mais tempo para brincar com eles.
58	ORI->STR	S	N	O homem bonachão, dizem seus opositores, "segue o odor do dinheiro" e "explora seus duendes e os submete a situações de trabalho subumanas".	Os adversários do Papai Noel dizem que ele "segue o odor do dinheiro" e "explora seus duendes e dos faz trabalhar em condições desumanas".
58	ORI->STR	S	N	Para desprestigiar o Papai Noel, tudo vale.	Com o objetivo de desvalorizar o Papai Noel, tudo vale.
59	ORI->STR	S	N	Ao todo, 140 mil itens foram inutilizados entre as 9h15 min e as 11h, na Travessa do Carmo, no pátio do depósito da Smic.	Ao todo, destruíram 140 mil objetos entre as 9h15 min e as 11h, na Travessa do Carmo, no pátio do depósito da Smic.
59	ORI->STR	S	N	Em maio, uma patrola havia esmagado 102 mil itens.	Em maio, uma niveladora destruiu 102 mil objetos.
60	ORI->STR	S	N	"A B2W será capaz de competir com as principais empresas de varejo brasileiras em um mercado estimado em R$ 200 bilhões", assinala o comunicado conjunto divulgado ontem pelas duas companhias.	"A B2W será capaz de competir com as principais empresas de varejo brasileiras, em um mercado calculado em R$ 200 bilhões" -- assinala o aviso que as duas companhias divulgaram ontem.
63	ORI->STR	S	N	As universidades que participam do Projeto Rondon foram selecionadas em um edital do Ministério da Defesa.	O Ministério da Defesa escolheu as universidades participantes do Projeto Rondon.
63	ORI->STR	S	N	No Estado, além da UFPel, participam a Fundação Universidade Federal de Rio Grande e o Centro Universitário Univates.	No estado, além da UFPel, participam a Fundação Universidade Federal do Rio Grande e o Centro Universitário Univates.
64	ORI->STR	S	N	Aguarda definição da Casa Civil da Presidência.	Aguarda definição da Casa Civil da Presidência.
67	ORI->STR	S	N	Isso é possível porque seu computador é equipado com uma tecnologia para acessar a Internet sem fios chamada wi-fi.	Isso é possível porque seu computador tem uma tecnologia de acesso à Internet sem fios chamada wi-fi.
68	ORI->STR	S	N	Países tentam incentivar casais indecisos.	Países tentam incentivar casais que até agora não se decidiram.
68	ORI->STR	S	N	O Instituto Nacional de Estatística da França comemora que o país alcançou, ano passado, a taxa de 2,0.	O Instituto Nacional de Estatística da França comemora a taxa de 2,0 alcançada no ano passado.
68	ORI->STR	S	N	A Alemanha também se esforça para repovoar lares.	A Alemanha também se esforça para encher novamente os lares.
68	ORI->STR	S	N	Em 1946, apesar de devastada pela insânia de Adolf Hitler na II Guerra Mundial, os alemães produziram 922 mil nenês.	Em 1946, mesmo destruídos pela loucura de Adolf Hitler na II Guerra Mundial, os alemães produziram 922 mil nenês.
69	ORI->STR	S	N	Com o maior volume vendido nos leilões realizados pelo governo federal para garantir os estoques do primeiro semestre de 2008, as usinas gaúchas garantiram a liderança da nova etapa da evolução do país rumo aos combustíveis renováveis.	Com o maior volume vendido nos leilões que o governo federal realizou com o objetivo de garantir os estoques do primeiro semestre de 2008, as usinas gaúchas garantiram a posição de líderes da nova etapa da evolução do país rumo aos combustíveis renováveis.
69	ORI->STR	S	N	Outro aspecto importante é a preparação das quatro grandes usinas de biodiesel instaladas no estado para transformar capacidade instalada em produção efetiva, avalia Campos.	Campos avalia que outro aspecto importante é a preparação das quatro grandes usinas de biodiesel instaladas no estado para transformar capacidade instalada em produção real.
69	ORI->STR	S	N	Ontem ainda havia controvérsias sobre o tipo de exigência que seria feita no varejo.	Ontem, ainda havia discussão sobre o tipo de exigência a ser feita no varejo.
69	ORI->STR	S	N	Na avaliação do Sindicom, seria "operacionalmente impossível" substituir todos os estoques a tempo.	Substituir todos os estoques a tempo seria "uma operação impossível" na avaliação do Sindicom.
70	ORI->STR	S	N	580; quando o número de presos no local atingir esses três dígitos, será totalmente proibido o ingresso de novos apenados.	580; no momento em que o número de presos no local atingir esse limite, o ingresso de novos condenados será totalmente proibido.
72	ORI->STR	S	N	Ele afirmou ainda que o carro trafegava dentro da velocidade máxima permitida, 60 km / h.	O capitão da PM Márcio Aurélio Linhares também afirmou que o carro andava dentro da velocidade máxima permitida de 60 km / h.
72	ORI->STR	S	N	-- Na próxima semana vamos conversar com ele para avaliar o estado de saúde em que se encontra.	-- Na próxima semana, vamos conversar com ele, para avaliar seu estado de saúde.
72	ORI->STR	S	N	A Polícia Militar e a Polícia Civil irão instaurar inquérito policial para apurar as causas do acidente assim que sair o laudo da perícia.	A Polícia Militar e a Polícia Civil abrirão inquérito policial para investigar as causas do acidente logo que sair o parecer técnico da perícia.
73	ORI->STR	S	N	A Venezuela na encruzilhada.	A Venezuela em um momento de decisão.
73	ORI->STR	S	N	Pela primeira vez, porém, Chávez não conta com a vitória certa antes do resultado.	Pela primeira vez, Chávez não conta com a vitória certa antes do resultado.
73	ORI->STR	S	N	Nos últimos dias, duas mega passeatas mostraram a distância que separa os chavistas dos opositores ao regime.	Nos últimos dias, duas marchas coletivas enormes mostraram a distância entre os chavistas e os adversários do regime.
73	ORI->STR	S	N	-- Se fico 20 anos ou até 2050, isso quem vai decidir é o povo.	-- O povo vai decidir se fico 20 anos ou até 2050.
75	ORI->STR	S	N	Segundo Bush, as mudanças em Anbar são um exemplo do que poderia ocorrer com o Iraque:	Na opinião de Bush, as mudanças em Anbar são um exemplo do que poderia ocorrer no Iraque:
75	ORI->STR	S	N	Para despistar a imprensa, a assessoria divulgou um falso cronograma para a viagem a Sydney, na Austrália.	Para enganar a imprensa, a assessoria divulgou um falso plano para a viagem a Sydney, na Austrália.
78	ORI->STR	S	N	A última vez em que a temperatura despencou até a marca de 3,6 ºC em Bagé em julho foi em 1955, conforme o 8º Distrito de Meteorologia.	O 8º Distrito de Meteorologia afirma que a última vez em que a temperatura caiu até a marca de -- 3,6 ºC em Bagé em julho foi em 1955.
78	ORI->STR	S	N	O ar polar que assustou fronteiriços e porto-alegrenses produziu um fenômeno curioso:	O ar que vem do pólo Sul assustou as pessoas da fronteira e de Porto Alegre, produzindo um fenômeno curioso:
78	ORI->STR	S	N	É improvável que a atual massa polar supere esta marca.	Não é provável que a atual massa que vem do pólo Sul vá mais baixo que esta marca.
79	ORI->STR	S	N	-- Há três anos, fui mordida por um pastor alemão.	-- Um pastor alemão me mordeu há três anos.
79	ORI->STR	S	N	Em 2007, até fevereiro, foram nove investidas.	Foram nove ataques até fevereiro de 2007.
80	ORI->STR	S	N	As aves são vendidas livremente a um preço médio de R$ 7 do lado uruguaio.	Vendem-se as aves livremente do lado uruguaio a um preço médio de R$ 7.
80	ORI->STR	S	N	No Brasil, a comercialização é proibida por lei.	No Brasil, a lei proíbe o comércio.
80	ORI->STR	S	N	Segundo um vendedor que não quis se identificar, são comercializadas cerca de 40 unidades por dia.	Um vendedor que não quis se identificar afirmou que são vendidas cerca de 40 unidades por dia.
81	ORI->STR	S	N	Essas amostras poderão conter, também, sinais de formas de vida que sobrevivem em temperaturas elevadas.	Essas pequenas porções também poderão conter sinais de formas de vida que sobrevivem em temperaturas elevadas.
83	ORI->STR	S	N	Passou a não se preocupar apenas em frear a inflação, mas também em manter o ritmo de crescimento econômico.	Passou a não se preocupar apenas em diminuir a inflação, como também em manter o ritmo de crescimento econômico.
83	ORI->STR	S	N	Vários especialistas acreditam que o banco central americano voltará a agir, dessa vez para reduzir a taxa básica, caso o nervosismo dos investidores predomine nos próximos dias.	Caso o nervosismo dos investidores apareça mais intenso nos próximos dias, vários especialistas acreditam que o banco central americano voltará a agir, dessa vez com o objetivo de reduzir a taxa básica.
85	ORI->STR	S	N	Dali, seguiria para o Mercado Público, passaria por baixo da Hercílio Luz e, pela Avenida Beira-Mar Norte, iria até a Universidade Federal de Santa Catarina (UFSC).	Dali, seguiria para o Mercado Público, passaria por baixo da Hercílio Luz e iria até a UFSC pela Avenida Beira-Mar Norte.
86	ORI->STR	S	N	Em casos de diarréia e vômitos, é aconselhado que os pais levem os filhos aos postos para serem avaliados por um médico sobre a possibilidade de se vacinar.	Até mesmo crianças com febre devem tomar as gotinhas.
87	ORI->STR	S	N	Ou seja, lá vem a saraivada de pedidos para o Dia das Crianças.	Isto é, lá vem a grande quantidade de pedidos para o Dia das Crianças.
87	ORI->STR	S	N	Portanto, jogos eletrônicos, robôs e bonecas falantes, sem a interatividade de quem os manuseia, não garantem a felicidade de ninguém.	Com isso, jogos eletrônicos, robôs e bonecas falantes, sem a participação da pessoa que os manuseia, não garantem a felicidade de ninguém.
87	ORI->STR	S	N	-- A ação de brincar converte um cabo de vassoura em um cavalo, uma tampa de panela em volante de automóvel, uma caneta em microfone e os lençóis em barracas e castelos -- ressalta.	-- Brincar transforma um cabo de vassoura em um cavalo, uma tampa de panela em volante de automóvel, uma caneta em microfone e os lençóis em barracas e castelos -- destaca.
87	ORI->STR	S	N	Com brinquedos artesanais (ao lado vão quatro dicas), o aprendizado é duplo.	O aprendizado é duplo com brinquedos feitos a mão.
87	ORI->STR	S	N	Os pais percebem, ao lado dos filhos, a importância do reaproveitamento de coisas que perderam a utilidade original.	Os pais percebem a importância de utilizar novamente coisas que perderam a utilidade original.
90	ORI->STR	S	N	Apartir daí, o sistema automático faz o resto.	A partir de aí, o sistema automático faz o resto.
90	ORI->STR	S	N	E basta uma pequena assimetria entre eles para que o sistema automático se desarme e o avião volte para o modo manual.	Basta uma pequena diferença entre eles para que o sistema automático se desarme e o avião volte para o modo manual.
94	ORI->STR	S	N	A comunidade conseguiu que a Câmara local transformasse a região em Área de Preservação Ambiental (APA), em lei aprovada em junho de 2005.	A comunidade conseguiu que a Câmara local transformasse a região em Área de Preservação Ambiental, em lei de junho de 2005.
96	ORI->STR	S	N	Foi no Brasil que Kerry conheceu Tereza, sua mulher.	Kerry conheceu sua mulher Tereza no Brasil.
96	ORI->STR	S	N	Perguntado se o protocolo de Kyoto será ratificado no caso da eleição de um democrata para a presidência em 2008, Kerry surpreendeu.	Kerry surpreendeu no momento em que lhe perguntaram se o protocolo de Kyoto será confirmado no caso da eleição de um democrata para a presidência em 2008.
97	ORI->STR	S	N	Para a merenda escolar, é elaborado um cardápio padrão.	Prepara-se um cardápio padrão para a merenda escolar.
99	ORI->STR	S	N	A redução na alíquota do Imposto sobre Circulação de Mercadorias e Serviços (ICMS) e a concorrência entre os postos derrubaram o preço da gasolina no mês passado em 41 dos 43 municípios pesquisados pela Agência Nacional do Petróleo (ANP).	A redução na alíquota do Imposto sobre Circulação de Mercadorias e Serviços (ICMS) e a competição entre os postos derrubaram o preço da gasolina no mês passado em 41 dos 43 municípios que a Agência Nacional do Petróleo (ANP) pesquisou.
99	ORI->STR	S	N	Segundo o Sindicato do Comércio Varejista de Combustíveis e Lubrificantes do Estado (Sulpetro), a redução de três pontos percentuais no tributo seria responsável por um recuo de até R$ 0,11 no preço de bomba, caso o álcool anidro não tivesse sido reajustado em 13% no final do ano passado.	O Sindicato do Comércio Varejista de Combustíveis e Lubrificantes do Estado (Sulpetro) diz que, se não tivessem aumentado o álcool anidro em 13% no final do ano passado, a redução de três por cento no tributo seria responsável por uma redução de até R$ 0,11 no preço de bomba.
99	ORI->STR	S	N	R$ 2,486. O município é seguido de perto por Canoas e Porto Alegre, segundo dados coletados pela ANP na pesquisa feita entre os dias 29 e 31 do mês passado.	Canoas e Porto Alegre seguem de perto o município, de acordo com dados que a ANP coletou na pesquisa que fez entre os dias 29 e 31 do mês passado.
99	ORI->STR	S	N	Oliveira avaliou que isso deve-se ao reajuste de 13% do álcool pelas distribuidoras.	Oliveira avaliou que isso se deve ao aumento de 13% do álcool anidro pelas empresas que distribuem combustível.
100	ORI->STR	S	N	Por volta das 16h30 min, a calefação volta a ser ligada.	O aquecimento volta a ser ligado em torno das 16h30 min.
102	ORI->STR	S	N	O toque de requinte a esses aposentos austeros é conferido por flores.	Flores dão o toque de elegância a esse apartamento sem enfeites.
102	ORI->STR	S	N	Fora dali, também está tudo pronto.	Tudo está pronto também fora dali.
103	ORI->STR	S	N	Uma diferença fundamental entre as duas opções é que o consórcio que for comprar só a parte doméstica precisa ter participação de uma empresa aérea.	Uma diferença fundamental entre as duas opções é que o grupo de empresas que comprar só a parte doméstica precisa incluir uma empresa aérea.
103	ORI->STR	S	N	A instituição também pode financiar em até 50% compradores interessados na Varig.	A instituição também pode emprestar até 50% do capital necessário aos compradores interessados na Varig.
106	ORI->STR	S	N	-- Queremos espaçar mais as realizações do Fórum.	-- Queremos tornar as realizações do Fórum menos freqüentes.
106	ORI->STR	S	N	É preciso debater urgentemente uma solução para isso.	É preciso discutir depressa uma solução para isso.
107	ORI->STR	S	N	A Capital vivencia um fenômeno contraditório:	A Capital vive um fenômeno sem lógica:
107	ORI->STR	S	N	O aumento da população de rua, de um lado, é acompanhado da redução dos espaços públicos historicamente usados por mendigos.	O aumento da população de rua é acompanhado da redução dos espaços públicos que os mendigos usam historicamente.
107	ORI->STR	S	N	Nesses bairros, quem no passado era afável com desabrigados hoje vive às turras com vizinhos indesejados.	Nesses bairros, quem era amável com sem-teto hoje vive brigando com vizinhos não desejados.
108	ORI->STR	S	N	Segundo historiadores, não existe um registro preciso de quando teve início a tradição da colheita da planta.	Os historiadores dizem que não existe um registro preciso do início da tradição da colheita da planta.
108	ORI->STR	S	N	-- O tempo da maturação da macela coincide com a Páscoa, daí esse fenômeno -- explica o bispo.	-- O amadurecimento da macela acontece junto com a Páscoa, daí esse fenômeno -- explica o bispo.
108	ORI->STR	S	N	Conforme a nutricionista Leila Tortelli, há duas recomendações importantes:	A nutricionista Leila Tortelli diz que há duas recomendações importantes:
108	ORI->STR	S	N	Nos dicionários, o nome da planta está como macela.	O nome da planta nos dicionários é macela.
108	ORI->STR	S	N	Para o professor de português e doutor em Letras Cláudio Moreno, deve ser seguida a orientação dos dicionários, ou seja, macela.	O professor de português e doutor em Letras Cláudio Moreno diz que se deve seguir a orientação dos dicionários, ou seja, macela.
109	ORI->STR	S	N	A área de lazer está montada para não decepcionar as crianças.	A área de lazer está preparada para não entristecer as crianças.
109	ORI->STR	S	N	Caso ocorram incidentes comuns, como o engarrafamento de camelos, não se preocupe:	Não se preocupe se acontecerem eventos comuns como engarrafamento de camelos:
111	ORI->STR	S	N	-- Pois é, pessoal, o que eu lamento contar é que depois da festa a escola foi arrombada e roubada -- disse Emília, em tom de indignação e, sobretudo, de decepção.	-- Pois é, pessoal, lamento contar que arrombaram e roubaram a escola depois da festa -- disse Emília, em tom de raiva e decepção.
111	ORI->STR	S	N	Que alguns alunos tiveram participação no caso.	Alguns alunos participaram do caso.
111	ORI->STR	S	N	O resultado é que parte do material foi recuperado com a ajuda de denúncias à polícia.	O resultado foi que recuperaram parte do material com a ajuda de denúncias à polícia.
111	ORI->STR	S	N	Nesse lar, entretanto, mais importante que fincar raízes é o apego dos irmãos entre si.	Mas, nesse lar, mais importante que fincar raízes é o afeto entre os irmãos.
112	ORI->STR	S	N	Na América Latina, o relatório afirma que a epidemia permanece estável.	O relatório afirma que a epidemia permanece sem variação na América Latina.
114	ORI->STR	S	N	A paixão pela comunicação e a obsessão pela qualidade dos produtos e serviços que oferece ao público levaram a RBS, nesse período de cinco décadas, a investir sistematicamente em tecnologia, inovação e no desenvolvimento profissional.	A paixão pela comunicação e a dedicação à qualidade dos produtos e serviços que oferece ao público levaram a RBS a investir de maneira sistemática em tecnologia, novidade e desenvolvimento profissional.
114	ORI->STR	S	N	Essa proximidade com o público, aliada à certeza de que aqui os gaúchos e catarinenses têm vez e voz para divulgar suas realizações e exercer um ato importante de cidadania, que é o de se comunicar livremente, vem assegurando à RBS uma gratificante liderança em todos os segmentos em que atua.	Essa condição de estar próxima do público e a certeza de que aqui os gaúchos e catarinenses têm vez e voz para divulgar suas realizações e exercer um ato importante de cidadania garantem à RBS a posição de líder em todos os campos em que atua.
114	ORI->STR	S	N	Em retribuição, o grupo procura oferecer informação, serviço e entretenimento compatíveis com as exigências de seus usuários.	O grupo procura agradecer oferecendo informação, serviço e diversão compatíveis com as exigências de seus usuários.
116	ORI->STR	S	N	Segundo Steiner, os telescópios Gemini têm capacidade científica de observação e qualidade de imagem dez vezes superiores às de um telescópio espacial.	Steiner diz que a capacidade científica de observação e a qualidade de imagem dos telescópios Gemini são dez vezes maiores que as de um telescópio espacial.
117	ORI->STR	S	N	O assunto deve ser debatido durante a presidência francesa da UE, no segundo semestre.	O sequenciamento de genes não pode ser limitado por patentes que pretendem proteger o direito exclusivo a esse conhecimento em nome do direito de propriedade industrial".
118	ORI->STR	S	N	Para o agrônomo, o Brasil deve buscar o desenvolvimento de transgenias que tentem melhorar as condições da agricultura local, como o cultivo de plantas com a capacidade de captar certos elementos presentes na terra.	Para o agrônomo, o Brasil deve buscar o desenvolvimento de transgenias que tentem melhorar as condições da agricultura local, como a cultura de plantas com capacidade de captar certos elementos presentes na terra.
120	ORI->STR	S	N	O Instituto Nacional de Pesquisas Espaciais (Inpe) prediz um aumento de temperatura de até 5 C nas áreas mais secas da Amazônia, em 50 anos, se a emissão de gases por queimadas permanecer nos níveis atuais.	Se a emissão de gases por queimadas permanecer nos níveis atuais, o Instituto Nacional de Pesquisas Espaciais prevê um aumento de temperatura de até 5 C nas áreas mais secas da Amazônia nos próximos 50 anos.
123	ORI->STR	S	N	Apesar do nome, Hymenoepimecis sp., o tal invasor de corpos é só uma vespa.	O tal ser que invade corpos é só a vespa Hymenoepimecis sp.
123	ORI->STR	S	N	Então, libera uma droga ainda desconhecida na corrente sanguínea da vítima.	Em seguida, libera uma droga até agora desconhecida no sangue da vítima.
123	ORI->STR	S	N	Dopada, ela passa a repetir um único padrão de teia, em vez de tecê-lo no formato circular tradicional.	O efeito da substância faz com que ela passe a repetir um único padrão de teia, em lugar de tecer no formato circular tradicional.
124	ORI->STR	S	N	Isso indica que, de alguma forma, as células-tronco da medula óssea haviam sido capazes de "colonizar" o fígado das mulheres transplantadas.	Isso indica que as células-tronco da medula óssea haviam sido capazes de se multiplicar no fígado das mulheres que sofreram transplante.
124	ORI->STR	S	N	O resultado deverá contribuir para o desenvolvimento de tecidos humanos para uso terapêutico, dizem os autores.	Os autores dizem que o resultado deverá contribuir para o desenvolvimento de tecidos humanos para uso no tratamento de doenças.
125	ORI->STR	S	N	Para realizar o cálculo, a equipe de Vörösmarty dividiu o mundo em 60 mil microrregiões.	Para realizar o cálculo, a equipe de Vörösmarty dividiu o mundo em 60 mil regiões muito pequenas.
125	ORI->STR	S	N	"Descobrimos que os recursos hídricos locais em algumas áreas estão simplesmente esgotados", afirmou.	Descobrimos que as reservas de água em algumas áreas estão simplesmente vazias".
126	ORI->STR	S	N	Isso quer dizer que os camundongos transgênicos reduziram a gordura de seu corpo, em relação à massa muscular, sem fazer ginástica.	Isso significa que os camundongos transgênicos reduziram a gordura de seu corpo sem fazer ginástica.
126	ORI->STR	S	N	Um dos caminhos seria sua superestimulação.	Um dos caminhos seria sua produção em excesso.
127	ORI->STR	S	N	"Já temos brotos de alface comprovadamente transgênicos", disse Jackson Marcondes de Souza.	"Já temos brotos de alface que, com certeza, são transgênicos com certeza", disse Jackson Marcondes de Souza.
127	ORI->STR	S	N	Sob a orientação do pesquisador Ekkehard Hansen, ele desenvolve o projeto como parte de seu doutorado.	Ele desenvolve o projeto como parte de seu doutorado, sob a orientação do pesquisador Ekkehard Hansen.
128	ORI->STR	S	N	Os números gerais da internet apontam o mesmo fenômeno, diz Ellman.	Ellman diz que os números gerais da internet apontam um fenômeno igual.
129	ORI->STR	S	N	"Ninhais que eram ocupados há 650 anos sumiram", contou David Vaughan à Folha.	David Vaughan contou à Folha que sumiu uma grande quantidade de ninhos que eram ocupados há 650 anos.
129	ORI->STR	S	N	O pesquisador, contudo, ainda não está convencido de que o vilão antártico seja o efeito estufa.	Mas o pesquisador ainda não está convencido de que o efeito estufa esteja causando as mudanças na Antártica.
130	ORI->STR	S	N	Para descobrir a razão dessa diferença, Kawaoka usou uma estratégia de "engenheirar" os vírus, trocando genes entre as linhagens virais.	Kawaoka trocou os genes entre os tipos de vírus para descobrir a razão dessa diferença.
130	ORI->STR	S	N	"Uma mudança de apenas uma base [letra] no gene PB2 [que resultou na modificação de um aminoácido na proteína por ele codificada] parece ser a causa da virulência do influenza", explica.	"Uma mudança de apenas uma base no gene PB2 parece ser a causa da capacidade do influenza de provocar doença", explica.
132	ORI->STR	S	N	Além de "morar" no halo, aparentemente, ele também "nasceu" lá, dizem os cientistas.	Os cientistas dizem que, além de "morar" em volta da galáxia, parece que ele também "nasceu" lá.
133	ORI->STR	S	N	Bem que muitos astrônomos gostariam de varrer o monte de planetas gigantes extra-solares que foram encontrados nos últimos anos para debaixo do tapete cósmico.	Muitos astrônomos gostariam de varrer para debaixo do tapete cósmico o monte de planetas extra-solares gigantes encontrados nos últimos anos.
134	ORI->STR	S	N	A riqueza de artefatos de várias origens ali depositados pelas sucessivas levas de ocupantes do território português.	A riqueza de objetos de várias origens depositados ali por grupos de pessoas que ocuparam o território português ao longo do tempo.
134	ORI->STR	S	N	"O rio Arade foi a principal rota de acesso a Silves desde a implantação dos estabelecimentos fenícios no Algarve", escrevem os três brasileiros em artigo a ser publicado na revista do MAE.	Os três brasileiros escreveram no artigo que vai ser publicado na revista do MAE que "o rio Arade foi a principal rota de acesso a Silves desde o estabelecimento dos fenícios no Algarve".
134	ORI->STR	S	N	Segundo os arqueólogos, "durante a escavação foram encontrados inúmeros fragmentos, principalmente cerâmicos, que vão desde ânforas romanas até utensílios inteiros do século 16, passando pela cerâmica árabe".	Na opinião dos arqueólogos, "durante a escavação foram encontrados muitos pedaços de cerâmica, que vão desde vasos romanos até utensílios inteiros do século 16, passando pela cerâmica árabe".
134	ORI->STR	S	N	Rambelli mostra como o principal objetivo da arqueologia, tanto em cima como embaixo d'água, é a busca de conhecimento, não de suvenires.	Rambelli mostra como o principal objetivo da arqueologia é a busca de conhecimento, não de lembranças.
134	ORI->STR	S	N	O livro também busca conscientizar os mergulhadores sobre o patrimônio subaquático.	O livro também buscar alertar os mergulhadores para a riqueza que está debaixo da água.
135	ORI->STR	S	N	Todos eles descendem de lobos domesticados pela primeira vez no leste da Ásia, há possivelmente meros 15 mil anos.	Todos eles têm origem em lobos domesticados pela primeira vez no leste da Ásia há uns poucos 15 mil anos.
135	ORI->STR	S	N	"Meros" porque esse período é muito curto em termos de evolução.	"Poucos", porque esse período é muito curto quando se fala de evolução.
135	ORI->STR	S	N	Dois estudos sobre o material genético dos cães publicados hoje na revista "Science" (www.sciencemag.org) revelaram que, diferentemente do que indicavam os achados arqueológicos, os primeiros cães domésticos surgiram no Extremo Oriente, e não no Oriente Médio.	Dois estudos sobre os genes dos cães publicados hoje na revista "Science" revelaram que os primeiros cães domésticos surgiram no Extremo Oriente e não no Oriente Médio.
135	ORI->STR	S	N	E que, apesar da sua longa permanência nas Américas, a grande maioria dos cães do continente veio mesmo da Europa depois da "descoberta" de Cristóvão Colombo, em 1492.	Os estudos revelaram que a grande maioria dos cães veio mesmo da Europa, depois de Cristóvão Colombo.
135	ORI->STR	S	N	Depois, havia diferenças que indicavam que as raças hoje comuns na América têm mais em comum com cães trazidos pelos colonos europeus.	Segunda, havia diferenças que indicavam que as raças hoje comuns na América são mais parecidas com cães que os europeus trouxeram.
135	ORI->STR	S	N	E todos esses bichos com o nome científico Canis Familiaris descendem do lobo, o Canis Lupus.	Todos os bichos com o nome científico Canis familiaris têm origem no lobo, o Canis lupus.
135	ORI->STR	S	N	A rapidez da disseminação dos cachorros com seus donos humanos indica que eles deviam ser particularmente úteis aos primitivos caçadores-coletores.	A rapidez com que os cachorros e seus donos humanos se espalharam indica que os cães deviam ser úteis aos homens primitivos.
136	ORI->STR	S	N	No ano passado, um grupo da Comissão de Energia Atômica da França havia anunciado a existência de um verdadeiro campo minado composto por centenas de milhares de buracos negros distribuídos ao redor da Via Láctea.	No ano passado, um grupo da Comissão de Energia Atômica da França anunciou a existência de um campo de centenas de milhares de buracos negros distribuídos ao redor da Via Láctea.
136	ORI->STR	S	N	E a data em que a aproximação máxima vai ocorrer também não apavora:	A data também não assusta:
136	ORI->STR	S	N	O processo faz a estrela recém-nascida liberar energia e interromper o encolhimento induzido pela força gravitacional.	O processo faz a estrela que acabou de nascer liberar energia e interromper a diminuição de tamanho que a força da gravidade provoca.
136	ORI->STR	S	N	Quando ele se esgota, a estrela, se for grande o suficiente, entra em colapso.	A estrela é destruída quando ele acaba.
136	ORI->STR	S	N	Ficando cada vez mais compacta, a estrela chega a um ponto em que a força da gravidade em sua superfície é tão grande que nem a luz, viajando a 300 mil quilômetros por segundo, é capaz de escapar dela.	Cada vez mais compacta, a estrela chega a um ponto em que a força da gravidade em sua superfície é tão grande que nem a luz é capaz de escapar dela.
136	ORI->STR	S	N	A estrela fica literalmente invisível, ganhando o nome de buraco negro.	A estrela fica invisível e ganha o nome de buraco negro.
136	ORI->STR	S	N	"Muitas vezes a matéria vai mais para um lado, dando um empurrão na estrela e tirando-a de sua órbita".	"Muitas vezes, a matéria vai mais para um lado, dando um empurrão na estrela e tirando-a de sua órbita".
138	ORI->STR	S	N	Com a pessoa sozinha, acompanhada do cônjuge, acompanhada do animal doméstico (ou amigo do mesmo sexo) e acompanhada tanto do cônjuge quanto do animal (ou amigo).	Com a pessoa sozinha, acompanhada do marido ou da mulher, acompanhada do animal doméstico ou do amigo do mesmo sexo e acompanhada tanto do marido ou da mulher quanto do animal ou amigo.
138	ORI->STR	S	N	Os resultados, segundo Allen, mostraram que as pessoas com animais domésticos tinham tanto pressão sanguínea como batimento cardíaco "significativamente" mais baixos durante o período de descanso inicial.	Na opinião de Allen, os resultados mostraram que as pessoas com animais domésticos tinham pressão sanguínea e batidas do coração muito mais baixas durante o período de descanso inicial.
139	ORI->STR	S	N	"Isso não é um equipamento que vise aplicação comercial", afirmou.	"Isso não é um equipamento que vise à aplicação comercial".
139	ORI->STR	S	N	A energia faz com que a proteína fique carregada eletricamente (ionizada).	A energia faz a proteína ficar carregada de eletricidade.
139	ORI->STR	S	N	O bombardeamento da amostra é feito por partículas de califórnio (um elemento radioativo) em vez de laser.	Partículas de califórnio e não laser bombardeiam a porção de proteína.
141	ORI->STR	S	N	Segundo informou a ASI (agência espacial italiana) no fim da noite de ontem por telefone, o impacto dos destroços teria ocorrido às 18h06 (horário de Brasília), numa área remota do oceano.	A agência espacial italiana informou no fim da noite, por telefone, que o choque dos restos teria ocorrido às 18h06 de Brasília, numa área remota do oceano.
141	ORI->STR	S	N	Depois disso, o satélite deixou de ter sua órbita corrigida.	Em seguida, deixaram de corrigir a órbita do satélite.
142	ORI->STR	S	N	Um estudo defendendo a idéia foi publicado on-line pela revista científica norte-americano "Science" (www.sciencexpress.org).	A revista americana "Science" publicou on-line um estudo defendendo a idéia.
143	ORI->STR	S	N	Hoje há menos de 10 mil exemplares remanescentes.	Hoje, restam menos de 10 mil exemplares.
144	ORI->STR	S	N	Essa proposta, ainda segundo o ministro da Agricultura, será discutida pelo governo.	O ministro da Agricultura também disse que o governo discutirá essa proposta.
144	ORI->STR	S	N	"Um assunto produtivo não pode ser tratado pela polícia", afirmou.	"A polícia não pode tratar de um assunto de produção".
145	ORI->STR	S	N	Essa antiguidade pode significar que o causador da doença, também conhecida como Sars (sigla em inglês para síndrome respiratória aguda grave), não sofre mutações com tanta facilidade.	Por ser antigo, o vírus que causa a doença Sars não sofre mutações com tanta facilidade.
145	ORI->STR	S	N	Segundo Zanotto, o animal que se procura é muito provavelmente uma ave.	Zanotto diz que o animal é provavelmente uma ave.
145	ORI->STR	S	N	Ou seja, algum mecanismo genético que faça a partícula produzir cópias de si mesma sem muitas trocas de "letras" no RNA.	Ele precisa de algum mecanismo dos genes que faça a partícula produzir cópias de si mesma sem muitas trocas de "letras" no RNA.
146	ORI->STR	S	N	"Se há um animal de boa qualidade genética, a gente consegue manter isso em um filho [clonado] do animal, mesmo que esteja velho".	"Se há um animal com genes de boa qualidade, a gente consegue manter isso em um filho clonado do animal".
146	ORI->STR	S	N	Vitoriosa é o resultado de um experimento realizado pela Embrapa.	Vitoriosa é o resultado de uma experiência que a Embrapa realizou.
146	ORI->STR	S	N	Nesse experimento, foram produzidos 35 embriões em seguida transferidos para 17 receptoras, as chamadas mães de aluguel.	Essa experiência produziu 35 embriões em seguida transferidos para 17 vacas.
147	ORI->STR	S	N	Primeiro, pede que a Comissão Técnica Nacional de Biossegurança (CTNBio) seja a única instância a regulamentar tanto a pesquisa como a comercialização de transgênicos, no âmbito do mérito científico.	Primeiro, pede que a Comissão Técnica Nacional de Biossegurança seja a única autoridade a estabelecer regras para a pesquisa e para o comércio de transgênicos.
148	ORI->STR	S	N	Estabilizar os níveis de dióxido de carbono na atmosfera e evitar as versões mais assustadoras do aquecimento global causado por esse gás podem custar 1% da riqueza produzida na Terra por ano, de acordo com um estudo de pesquisadores no Reino Unido.	De acordo com um estudo de pesquisadores do Reino Unido, equilibrar os níveis de gás carbônico na atmosfera e evitar as versões que mais nos assustam do aquecimento global que esse gás causa podem custar 1% da riqueza produzida na Terra por ano.
150	ORI->STR	S	N	A técnica é basicamente a mesma que fez com que a empresa americana Celera pudesse, de forma incomodamente célere, obter uma seqüência mais ou menos completa de todo o DNA humano.	A técnica é basicamente a mesma que a empresa americana Celera usou para obter uma seqüência mais ou menos completa de todo o DNA humano.
150	ORI->STR	S	N	Se a amostra a ser analisada contiver milhares de organismos diferentes, há uma dificuldade natural de recompor o quebra-cabeças após a leitura das seqüências de DNA.	Se o pedaço a ser analisado contiver milhares de organismos diferentes, há uma dificuldade natural de montar o quebra-cabeças.
150	ORI->STR	S	N	A sorte dos cientistas liderados por Jillian Banfield, da Universidade da Califórnia em Berkeley, foi que a amostra de efluentes ácidos analisada tinha um pequeno número de organismos.	A sorte dos cientistas comandados por Jillian Banfield foi que o pedaço de restos ácidos analisado tinha um pequeno número de organismos.
151	ORI->STR	S	N	Mesmo assim, ele e seus colegas mostraram evidências de que o uso de substâncias como a vitamina E poderia reduzir os danos causados pelo colesterol aos pacientes com a doença.	Mas ele e seus colegas mostraram provas de que o uso de substâncias como a vitamina E poderia reduzir os danos que o colesterol causa aos pacientes.
151	ORI->STR	S	N	Num trabalho aprovado para publicação na revista científica "PNAS" (www.pnas.org), a equipe mostrou que o aparecimento da beta-amilóide induz um acúmulo anormal de colesterol e ceramida.	A equipe mostrou que o surgimento da beta-amilóide provoca uma concentração anormal de colesterol e ceramida num trabalho aprovado para publicação na revista científica "PNAS".
151	ORI->STR	S	N	Eles, por sua vez, iniciam uma cascata de reações bioquímicas que acaba conduzindo à morte dos neurônios.	Eles iniciam uma seqüência de reações bioquímicas que acaba conduzindo as células nervosas à morte.
152	ORI->STR	S	N	Parar de tomar o coquetel de medicamentos contra o vírus causador da Aids não é necessariamente algo ruim, contanto que o paciente siga as instruções do médico e não se aventure a interromper o tratamento sozinho.	Contanto que o paciente siga as instruções do médico e não se arrisque a interromper o tratamento sozinho, parar de tomar a mistura de medicamentos contra o vírus da Aids não é obrigatoriamente algo ruim.
152	ORI->STR	S	N	E há médicos que tentam estratégias as mais variadas, como interrupção aos fins de semana ou mesmo semanas alternadas com ou sem o medicamento.	Há médicos que tentam estratégias de interrupção nos fins de semana ou em semanas com medicamento e semanas sem medicamento.
152	ORI->STR	S	N	"Esse é o período em que podemos realizar a interrupção ", diz.	"Esse é o período da interrupção".
152	ORI->STR	S	N	Para ele, em condições ideais, o método funcionaria melhor em pacientes que tivessem um quadro estável, com baixa contagem de vírus e forte presença de células de defesa.	Na opinião dele, o método funcionaria melhor em pacientes com um quadro que não muda, com baixo número de vírus e forte presença de células de defesa.
152	ORI->STR	S	N	Mas, por razões éticas, não se pode fazer experimentos de interrupção com esses pacientes.	Mas as regras médicas dizem que não se pode fazer experiências de interrupção com esses pacientes.
152	ORI->STR	S	N	Todos os 35 estudados já não respondiam mais aos tratamentos convencionais quando foram escalados para a pesquisa.	Todos os 35 estudados não respondiam mais aos tratamentos tradicionais no momento em que foram escolhidos para a pesquisa.
152	ORI->STR	S	N	A pesquisa foi divulgada na edição deste mês da revista "Pesquisa Fapesp" (revistapesquisa.fapesp. br).	A revista foi divulgada na edição deste mês da revista "Pesquisa Fapesp".
153	ORI->STR	S	N	Ela foi descoberta em 1965, depois de ter sido prevista pelo modelo do Big Bang criado pelo russo-americano George Gamow.	Ela foi descoberta em 1965, em seguida à previsão que está no modelo do Big Bang que o russo-americano George Gamow criou.
153	ORI->STR	S	N	A partir das flutuações, é possível estimar a quantidade de matéria e energia existente no Universo e a idade do cosmos, entre outras descobertas importantes.	A partir das variações, é possível calcular a idade do Universo e a quantidade de matéria e energia existente nele, entre outras descobertas importantes.
154	ORI->STR	S	N	Os sedimentos são arrastados para a parte baixa do rio.	A areia, a terra e os restos são arrastados para a parte baixa do rio.
156	ORI->STR	S	N	Seis das nove aranhas descobertas pelo grupo do Butantan e do Goeldi são desse grupo de "folgadas".	Seis das nove aranhas que o grupo do Butantan e do Goeldi descobriu são desse grupo de "malandras".
156	ORI->STR	S	N	Os estudos são bancados pela Fapesp (Fundação de Amparo à Pesquisa do Estado de São Paulo) e pelo CNPq (Conselho Nacional de Desenvolvimento Científico e Tecnológico).	A Fundação de Amparo à Pesquisa do Estado de São Paulo e o Conselho Nacional de Desenvolvimento Científico e Tecnológico pagam os estudos.
157	ORI->STR	S	N	Estudos baseados em modelos de computador, publicados nos dois principais periódicos científicos do planeta, indicam que diagnóstico rápido, quarentena de doentes e tratamento em massa com antivirais seriam capazes de impedir algo semelhante ao que aconteceu com a chamada gripe espanhola, logo depois da Primeira Guerra Mundial.	Dois estudos com base em modelos de computador indicam que identificação rápida da doença, isolamento de doentes por 40 dias e tratamento em massa com remédios antivírus seriam capazes de impedir algo semelhante ao que ocorreu com a gripe espanhola, em seguida à Primeira Guerra Mundial.
158	ORI->STR	S	N	Se isso é verdade, em que estágio da percepção ou do processamento da imagem estaria a diferença?	Se isso é verdade, a diferença estaria em que estágio do ato de perceber ou do processamento da imagem?
159	ORI->STR	S	N	A informação foi, naturalmente, primeiro dada aos astronautas.	Deram a informação primeiro aos astronautas.
159	ORI->STR	S	N	Teria sido atingido por algum detrito perigoso?	Algum pedaço perigoso teria atingido o Discovery?
159	ORI->STR	S	N	Foi conduzida então uma caminhada espacial para retirada das duas tiras.	Em seguida, fizeram uma caminhada espacial para retirar as duas tiras.
159	ORI->STR	S	N	Então, ontem, ficou determinado que o Discovery poderia retornar em segurança.	Por fim, ontem determinaram que o Discovery poderia retornar em segurança.
160	ORI->STR	S	N	Numa entrevista coletiva conduzida ontem à noite, os gerentes da Nasa deram o veredicto:	Os gerentes da Nasa decidiram numa entrevista coletiva ontem à noite:
160	ORI->STR	S	N	"Entre essas incertezas e o que sabemos sobre EVA [sigla para" atividade extra-veicular ", as caminhadas espaciais], foi uma decisão fácil ", concluiu.	Wayne Hale é vice-diretor do programa do ônibus espacial.
160	ORI->STR	S	N	A estação agora opera pela primeira vez em três anos com todos os seus quatro giroscópios funcionando.	Pela primeira vez em três anos, a estação opera com todos os quatro giroscópios funcionando.
161	ORI->STR	S	N	Não é pouca coisa, já que no mundo todo se conhecem só 42 espécies do fungo, quase todas restritas ao Sudeste Asiático.	Não é pouca coisa, no mundo todo se conhecem só 42 espécies do fungo.
161	ORI->STR	S	N	Foi na esperança de entender o fenômeno que Stevani e seus colaboradores se puseram a procurar cogumelos do tipo no Brasil.	Na esperança de entender o fenômeno, Stevani e seus colegas se puseram a procurar cogumelos do tipo no Brasil.
161	ORI->STR	S	N	Outros relatos sugerem que fungos do mesmo tipo podem ser encontrados no Tocantins e no Amazonas.	Outras histórias sugerem que se podem encontrar fungos parecidos no Tocantins e no Amazonas.
161	ORI->STR	S	N	Quando um pesquisador quer saber se determinado gene está ativo ou não, por exemplo, gruda nele o trecho de DNA correspondente à GFP (proteína fluorescente verde).	Se um pesquisador quer saber se determinado gene está ativo, gruda nele o trecho de DNA correspondente à proteína que emite luz verde.
163	ORI->STR	S	N	Segundo a dupla, os Usos foram úteis não como cardápio preferido dos hominídeos, mas como uma fonte confiável e relativamente rica de nutrientes em tempos de escassez, o equivalente evolutivo do arroz com feijão, pode-se dizer.	Na opinião da dupla, os Usos foram fontes de nutrientes relativamente ricas e em que podiam confiar em tempos de falta de alimentos.
163	ORI->STR	S	N	É claro que, sem provas mais concretas, a teoria não passaria de mais uma historinha interessante sobre as origens humanas.	É claro que a teoria não passaria de mais uma história interessante sobre as origens humanas sem provas mais concretas.
163	ORI->STR	S	N	Finalmente, vários dos mais antigos hominídeos são caracterizados por mandíbulas fortes, dentes com grandes coroas e esmalte grosso.	Por fim, vários dos hominídeos mais antigos têm mandíbulas fortes, dentes com coroas grandes e esmalte grosso.
164	ORI->STR	S	N	Não é impossível que o organismos dos gambás e afins tenha modificado substâncias já existentes para lidar com o desafio do veneno.	É possível que o organismo dos gambás e de outros animais parecidos tenha modificado substâncias já existentes com o objetivo de lidar com o veneno.
165	ORI->STR	S	N	O ideal para uma pele artificial seria ser "conformal", segundo o jargão da engenharia, isto é, ela deveria ser capaz de se adequar de modo maleável à forma requisitada.	O ideal para uma pele artificial seria ser "conformal", isto é, ela deveria ser capaz de se adequar à forma que se quer.
165	ORI->STR	S	N	O termo foi muito popularizado na ficção graças ao livro "Eu, Robo" (1950), do escritor americano nascido na Rússia Isaac Asimov (1920-1992).	O termo foi muito divulgado na ficção graças ao livro "Eu, Robô", do escritor americano Isaac Asimov.
165	ORI->STR	S	N	E desta vez foram além do que havia sido reportado no ano passado, além de pressão, os semicondutores orgânicos puderam detectar temperatura com precisão.	E desta vez foram além do que contaram no ano passado, além de pressão, os semicondutores orgânicos puderam detectar temperatura com precisão.
165	ORI->STR	S	N	Já a ponta dos dedos de um ser humano possui cerca de 1.500 sensores de pressão (menos em outros pontos do corpo, contudo).	Mas a ponta dos dedos de um ser humano possui cerca de 1.500 detectores de pressão.
165	ORI->STR	S	N	O trabalho de Someya e seus colegas está publicado na última edição da revista da Academia de Ciências dos EUA, a "PNAS" (www.pnas.org).	A última edição da revista "PNAS", da Academia de Ciências dos EUA, publicou o trabalho de Someya e seus colegas.
165	ORI->STR	S	N	Segundo eles, a pele humana ainda é bem mais complexa do que as imitações desenvolvidas até agora.	Eles dizem que a pele humana ainda é muito mais complexa do que as cópias desenvolvidas até agora.
